sep=,
Key, Name, Type, "Num of Parameters"
----, ----, ----, ----
"mod.f"            , "mod.f"    
u                  , u          
v                  , v          
yy                 , yy         
aux                , aux        
n                  , n          
r                  , r          
x                  , x          
y                  , y          
.main              , main       
.read              , read       
.write             , write      
.delete            , delete     
.new               , new        
